--
-- PostgreSQL database dump
--

-- Dumped from database version 15.3
-- Dumped by pg_dump version 15.5

-- Started on 2024-05-13 16:46:40

SET statement_timeout = 0;
SET lock_timeout = 0;
SET idle_in_transaction_session_timeout = 0;
SET client_encoding = 'UTF8';
SET standard_conforming_strings = on;
SELECT pg_catalog.set_config('search_path', '', false);
SET check_function_bodies = false;
SET xmloption = content;
SET client_min_messages = warning;
SET row_security = off;

--
-- TOC entry 5 (class 2615 OID 507366)
-- Name: public; Type: SCHEMA; Schema: -; Owner: pg_database_owner
--

CREATE SCHEMA public;


ALTER SCHEMA public OWNER TO pg_database_owner;

--
-- TOC entry 4139 (class 0 OID 0)
-- Dependencies: 5
-- Name: SCHEMA public; Type: COMMENT; Schema: -; Owner: pg_database_owner
--

COMMENT ON SCHEMA public IS 'standard public schema';


SET default_tablespace = '';

SET default_table_access_method = heap;

--
-- TOC entry 214 (class 1259 OID 507367)
-- Name: arsip_foto; Type: TABLE; Schema: public; Owner: postgres
--

CREATE TABLE public.arsip_foto (
    id uuid,
    judul character varying,
    id_subjek uuid,
    cover character varying,
    keterangan character varying,
    updated_at timestamp without time zone,
    created_at timestamp without time zone,
    tahun timestamp without time zone
);


ALTER TABLE public.arsip_foto OWNER TO postgres;

--
-- TOC entry 215 (class 1259 OID 507372)
-- Name: arsip_foto_file; Type: TABLE; Schema: public; Owner: postgres
--

CREATE TABLE public.arsip_foto_file (
    id uuid NOT NULL,
    id_arsip_foto uuid,
    file character varying,
    created_at timestamp without time zone,
    updated_at timestamp without time zone,
    code character varying
);


ALTER TABLE public.arsip_foto_file OWNER TO postgres;

--
-- TOC entry 225 (class 1259 OID 507439)
-- Name: arsip_video; Type: TABLE; Schema: public; Owner: postgres
--

CREATE TABLE public.arsip_video (
    id uuid,
    judul character varying,
    id_subjek uuid,
    cover character varying,
    keterangan character varying,
    tahun timestamp without time zone,
    created_at timestamp without time zone,
    updated_at timestamp without time zone
);


ALTER TABLE public.arsip_video OWNER TO postgres;

--
-- TOC entry 226 (class 1259 OID 507444)
-- Name: arsip_video_file; Type: TABLE; Schema: public; Owner: postgres
--

CREATE TABLE public.arsip_video_file (
    id uuid,
    id_arsip_video uuid,
    file character varying,
    code character varying,
    created_at timestamp without time zone,
    updated_at timestamp without time zone
);


ALTER TABLE public.arsip_video_file OWNER TO postgres;

--
-- TOC entry 216 (class 1259 OID 507377)
-- Name: menu; Type: TABLE; Schema: public; Owner: postgres
--

CREATE TABLE public.menu (
    id bigint NOT NULL,
    name text NOT NULL,
    url text,
    parent_id integer,
    created_at timestamp(0) without time zone,
    updated_at timestamp(0) without time zone,
    deleted_at timestamp(0) without time zone,
    urutan integer,
    icon character varying(255)
);


ALTER TABLE public.menu OWNER TO postgres;

--
-- TOC entry 217 (class 1259 OID 507382)
-- Name: menu_id_seq; Type: SEQUENCE; Schema: public; Owner: postgres
--

CREATE SEQUENCE public.menu_id_seq
    START WITH 1
    INCREMENT BY 1
    NO MINVALUE
    NO MAXVALUE
    CACHE 1;


ALTER TABLE public.menu_id_seq OWNER TO postgres;

--
-- TOC entry 4141 (class 0 OID 0)
-- Dependencies: 217
-- Name: menu_id_seq; Type: SEQUENCE OWNED BY; Schema: public; Owner: postgres
--

ALTER SEQUENCE public.menu_id_seq OWNED BY public.menu.id;


--
-- TOC entry 218 (class 1259 OID 507383)
-- Name: migrations; Type: TABLE; Schema: public; Owner: postgres
--

CREATE TABLE public.migrations (
    id integer NOT NULL,
    migration character varying(191) NOT NULL,
    batch integer NOT NULL
);


ALTER TABLE public.migrations OWNER TO postgres;

--
-- TOC entry 219 (class 1259 OID 507386)
-- Name: migrations_id_seq; Type: SEQUENCE; Schema: public; Owner: postgres
--

CREATE SEQUENCE public.migrations_id_seq
    AS integer
    START WITH 1
    INCREMENT BY 1
    NO MINVALUE
    NO MAXVALUE
    CACHE 1;


ALTER TABLE public.migrations_id_seq OWNER TO postgres;

--
-- TOC entry 4142 (class 0 OID 0)
-- Dependencies: 219
-- Name: migrations_id_seq; Type: SEQUENCE OWNED BY; Schema: public; Owner: postgres
--

ALTER SEQUENCE public.migrations_id_seq OWNED BY public.migrations.id;


--
-- TOC entry 220 (class 1259 OID 507387)
-- Name: permissions; Type: TABLE; Schema: public; Owner: postgres
--

CREATE TABLE public.permissions (
    id bigint NOT NULL,
    menu_id integer NOT NULL,
    c boolean,
    r boolean,
    u boolean,
    d boolean,
    created_at timestamp(0) without time zone,
    updated_at timestamp(0) without time zone,
    group_id integer NOT NULL,
    v boolean
);


ALTER TABLE public.permissions OWNER TO postgres;

--
-- TOC entry 221 (class 1259 OID 507390)
-- Name: permissions_id_seq; Type: SEQUENCE; Schema: public; Owner: postgres
--

CREATE SEQUENCE public.permissions_id_seq
    START WITH 1
    INCREMENT BY 1
    NO MINVALUE
    NO MAXVALUE
    CACHE 1;


ALTER TABLE public.permissions_id_seq OWNER TO postgres;

--
-- TOC entry 4143 (class 0 OID 0)
-- Dependencies: 221
-- Name: permissions_id_seq; Type: SEQUENCE OWNED BY; Schema: public; Owner: postgres
--

ALTER SEQUENCE public.permissions_id_seq OWNED BY public.permissions.id;


--
-- TOC entry 231 (class 1259 OID 508133)
-- Name: pustaka_audio; Type: TABLE; Schema: public; Owner: postgres
--

CREATE TABLE public.pustaka_audio (
    id uuid,
    id_subjek uuid,
    judul character varying,
    cover character varying,
    keterangan character varying,
    tahun_produksi timestamp without time zone,
    produksi integer,
    created_at timestamp without time zone,
    updated_at timestamp without time zone
);


ALTER TABLE public.pustaka_audio OWNER TO postgres;

--
-- TOC entry 232 (class 1259 OID 508138)
-- Name: pustaka_audio_file; Type: TABLE; Schema: public; Owner: postgres
--

CREATE TABLE public.pustaka_audio_file (
    id uuid,
    id_pustaka_audio uuid,
    file character varying,
    created_at timestamp without time zone,
    updated_at timestamp without time zone,
    code character varying
);


ALTER TABLE public.pustaka_audio_file OWNER TO postgres;

--
-- TOC entry 227 (class 1259 OID 507654)
-- Name: pustaka_buku; Type: TABLE; Schema: public; Owner: postgres
--

CREATE TABLE public.pustaka_buku (
    id uuid,
    id_subjek uuid,
    pengarang character varying,
    judul character varying,
    penerbit character varying,
    jumlah_halaman bigint,
    tipe_media character varying,
    bahasa character varying,
    cover character varying,
    deskripsi character varying,
    created_at timestamp without time zone,
    updated_at timestamp without time zone,
    tahun_terbit timestamp without time zone
);


ALTER TABLE public.pustaka_buku OWNER TO postgres;

--
-- TOC entry 228 (class 1259 OID 507659)
-- Name: pustaka_buku_file; Type: TABLE; Schema: public; Owner: postgres
--

CREATE TABLE public.pustaka_buku_file (
    id uuid,
    id_pustaka_buku uuid,
    file character varying,
    created_at timestamp without time zone,
    updated_at timestamp without time zone,
    code character varying
);


ALTER TABLE public.pustaka_buku_file OWNER TO postgres;

--
-- TOC entry 229 (class 1259 OID 507794)
-- Name: pustaka_video; Type: TABLE; Schema: public; Owner: postgres
--

CREATE TABLE public.pustaka_video (
    id uuid,
    judul character varying,
    id_subjek uuid,
    cover character varying,
    keterangan character varying,
    tahun_produksi timestamp without time zone,
    produksi integer,
    created_at timestamp without time zone,
    updated_at timestamp without time zone
);


ALTER TABLE public.pustaka_video OWNER TO postgres;

--
-- TOC entry 230 (class 1259 OID 508113)
-- Name: pustaka_video_file; Type: TABLE; Schema: public; Owner: postgres
--

CREATE TABLE public.pustaka_video_file (
    id uuid,
    id_pustaka_video uuid,
    file character varying,
    created_at timestamp without time zone,
    updated_at timestamp without time zone,
    code character varying,
    urutan character varying
);


ALTER TABLE public.pustaka_video_file OWNER TO postgres;

--
-- TOC entry 222 (class 1259 OID 507391)
-- Name: subject; Type: TABLE; Schema: public; Owner: postgres
--

CREATE TABLE public.subject (
    id uuid,
    subjek character varying,
    status integer,
    updated_at timestamp without time zone,
    created_at timestamp without time zone
);


ALTER TABLE public.subject OWNER TO postgres;

--
-- TOC entry 4144 (class 0 OID 0)
-- Dependencies: 222
-- Name: COLUMN subject.status; Type: COMMENT; Schema: public; Owner: postgres
--

COMMENT ON COLUMN public.subject.status IS '1 aktif , 2 tidak';


--
-- TOC entry 223 (class 1259 OID 507396)
-- Name: users; Type: TABLE; Schema: public; Owner: postgres
--

CREATE TABLE public.users (
    id bigint NOT NULL,
    name character varying(255) NOT NULL,
    email character varying(255) NOT NULL,
    email_verified_at timestamp(0) without time zone,
    password character varying(255) NOT NULL,
    remember_token character varying(100),
    created_at timestamp(0) without time zone,
    updated_at timestamp(0) without time zone,
    group_user_id smallint,
    deleted_at timestamp(6) without time zone,
    jabatan character varying,
    pangkat smallint,
    singkatan character varying(255),
    keterangan character varying,
    angkatan integer,
    photo text
);


ALTER TABLE public.users OWNER TO postgres;

--
-- TOC entry 224 (class 1259 OID 507401)
-- Name: users_id_seq; Type: SEQUENCE; Schema: public; Owner: postgres
--

CREATE SEQUENCE public.users_id_seq
    START WITH 1
    INCREMENT BY 1
    NO MINVALUE
    NO MAXVALUE
    CACHE 1;


ALTER TABLE public.users_id_seq OWNER TO postgres;

--
-- TOC entry 4145 (class 0 OID 0)
-- Dependencies: 224
-- Name: users_id_seq; Type: SEQUENCE OWNED BY; Schema: public; Owner: postgres
--

ALTER SEQUENCE public.users_id_seq OWNED BY public.users.id;


--
-- TOC entry 3964 (class 2604 OID 507402)
-- Name: menu id; Type: DEFAULT; Schema: public; Owner: postgres
--

ALTER TABLE ONLY public.menu ALTER COLUMN id SET DEFAULT nextval('public.menu_id_seq'::regclass);


--
-- TOC entry 3965 (class 2604 OID 507403)
-- Name: migrations id; Type: DEFAULT; Schema: public; Owner: postgres
--

ALTER TABLE ONLY public.migrations ALTER COLUMN id SET DEFAULT nextval('public.migrations_id_seq'::regclass);


--
-- TOC entry 3966 (class 2604 OID 507404)
-- Name: permissions id; Type: DEFAULT; Schema: public; Owner: postgres
--

ALTER TABLE ONLY public.permissions ALTER COLUMN id SET DEFAULT nextval('public.permissions_id_seq'::regclass);


--
-- TOC entry 3967 (class 2604 OID 507405)
-- Name: users id; Type: DEFAULT; Schema: public; Owner: postgres
--

ALTER TABLE ONLY public.users ALTER COLUMN id SET DEFAULT nextval('public.users_id_seq'::regclass);


--
-- TOC entry 4115 (class 0 OID 507367)
-- Dependencies: 214
-- Data for Name: arsip_foto; Type: TABLE DATA; Schema: public; Owner: postgres
--

INSERT INTO public.arsip_foto VALUES ('a8bf6180-8d01-4f13-856c-a67073520876', 'pelatihan', '71d0ecf1-d67f-444d-85dd-c0e9170b554a', '6630918cc00c9 - soekarno_Wbmilhx.png', 'Pelatihan', '2024-04-30 13:37:00', '2024-04-30 13:37:00', '2024-04-30 00:00:00');


--
-- TOC entry 4116 (class 0 OID 507372)
-- Dependencies: 215
-- Data for Name: arsip_foto_file; Type: TABLE DATA; Schema: public; Owner: postgres
--

INSERT INTO public.arsip_foto_file VALUES ('0f234cfd-32eb-4491-af65-8c79a20fb184', 'a8bf6180-8d01-4f13-856c-a67073520876', '66309188bf0bc - Artboard 1.png', '2024-04-30 13:36:56', '2024-04-30 13:37:00', NULL);
INSERT INTO public.arsip_foto_file VALUES ('58d1f187-a993-4af6-90b8-707372d04d94', 'a8bf6180-8d01-4f13-856c-a67073520876', '66309188bf0c9 - Artboard 3.png', '2024-04-30 13:36:56', '2024-04-30 13:37:00', NULL);
INSERT INTO public.arsip_foto_file VALUES ('09327b9f-5632-4505-8ce4-8cc5e6002c87', 'a8bf6180-8d01-4f13-856c-a67073520876', '6630918949aae - Artboard 5.png', '2024-04-30 13:36:57', '2024-04-30 13:37:00', NULL);


--
-- TOC entry 4126 (class 0 OID 507439)
-- Dependencies: 225
-- Data for Name: arsip_video; Type: TABLE DATA; Schema: public; Owner: postgres
--

INSERT INTO public.arsip_video VALUES ('2910db7c-b36f-4f2e-9e1a-3479e7606337', 'pelatihan', '71d0ecf1-d67f-444d-85dd-c0e9170b554a', '663092498cac7 - soekarno_Wbmilhx.png', 'pelatihan', '2024-04-30 00:00:00', '2024-04-30 13:40:09', '2024-04-30 13:40:09');


--
-- TOC entry 4127 (class 0 OID 507444)
-- Dependencies: 226
-- Data for Name: arsip_video_file; Type: TABLE DATA; Schema: public; Owner: postgres
--

INSERT INTO public.arsip_video_file VALUES ('afeaa273-4608-4843-bb5d-69c2c5d2373c', '2910db7c-b36f-4f2e-9e1a-3479e7606337', '66309245e64a5 - Hanjar.mp4', NULL, '2024-04-30 13:40:06', '2024-04-30 13:40:09');


--
-- TOC entry 4117 (class 0 OID 507377)
-- Dependencies: 216
-- Data for Name: menu; Type: TABLE DATA; Schema: public; Owner: postgres
--

INSERT INTO public.menu VALUES (1, 'Settings', '#', 0, NULL, NULL, NULL, 1, NULL);
INSERT INTO public.menu VALUES (2, 'Settings Menu', 'master/menu', 1, NULL, NULL, NULL, 2, NULL);
INSERT INTO public.menu VALUES (3, 'Settings Group', 'master/group', 1, '2024-04-16 14:40:49', '2024-04-16 16:25:37', NULL, 3, NULL);
INSERT INTO public.menu VALUES (8, 'Master Subjek', 'master/subject', 0, '2024-04-16 14:40:49', '2024-04-18 13:37:26', NULL, 0, NULL);
INSERT INTO public.menu VALUES (7, 'Digitalisasi Arsip', '#', 0, NULL, '2024-04-18 13:41:25', NULL, 0, NULL);
INSERT INTO public.menu VALUES (27, 'Digitalisasi Arsip Foto', 'arsip/foto', 7, '2024-04-18 13:42:24', '2024-04-18 13:42:24', NULL, 1, NULL);
INSERT INTO public.menu VALUES (28, 'Digitalisasi Arsip Video', 'arsip/video', 7, '2024-04-18 13:43:03', '2024-04-18 13:43:03', NULL, 2, NULL);
INSERT INTO public.menu VALUES (29, 'Digitalisasi Pustaka', '#', 0, '2024-04-24 09:47:53', '2024-04-24 09:51:03', NULL, 0, NULL);
INSERT INTO public.menu VALUES (30, 'Digitalisasi Pustaka Buku', 'pustaka/buku', 29, '2024-04-24 09:50:19', '2024-04-24 09:50:19', NULL, 1, NULL);
INSERT INTO public.menu VALUES (31, 'Digitalisasi Pustaka Video', 'pustaka/video', 29, '2024-04-25 13:29:00', '2024-04-25 13:29:00', NULL, 2, NULL);
INSERT INTO public.menu VALUES (32, 'Digitalisasi Pustaka Audio', 'pustaka/audio', 29, '2024-04-29 10:15:56', '2024-04-29 10:15:56', NULL, 3, NULL);
INSERT INTO public.menu VALUES (33, 'E-book', '#', 0, '2024-05-06 10:06:42', '2024-05-06 10:06:42', NULL, 0, NULL);
INSERT INTO public.menu VALUES (34, 'Audio Book Player', '#', 0, '2024-05-06 10:16:15', '2024-05-06 10:16:15', NULL, 1, NULL);
INSERT INTO public.menu VALUES (35, 'Video Player', '#', 0, '2024-05-06 10:17:04', '2024-05-06 10:17:04', NULL, 2, NULL);


--
-- TOC entry 4119 (class 0 OID 507383)
-- Dependencies: 218
-- Data for Name: migrations; Type: TABLE DATA; Schema: public; Owner: postgres
--



--
-- TOC entry 4121 (class 0 OID 507387)
-- Dependencies: 220
-- Data for Name: permissions; Type: TABLE DATA; Schema: public; Owner: postgres
--

INSERT INTO public.permissions VALUES (15, 8, NULL, true, NULL, NULL, '2024-04-30 00:00:00', NULL, 1, NULL);
INSERT INTO public.permissions VALUES (16, 29, NULL, true, NULL, NULL, '2024-04-30 00:00:00', NULL, 1, NULL);
INSERT INTO public.permissions VALUES (17, 30, NULL, true, NULL, NULL, '2024-04-30 00:00:00', NULL, 1, NULL);
INSERT INTO public.permissions VALUES (18, 31, NULL, true, NULL, NULL, '2024-04-30 00:00:00', NULL, 1, NULL);
INSERT INTO public.permissions VALUES (19, 32, NULL, true, NULL, NULL, '2024-04-30 00:00:00', NULL, 1, NULL);
INSERT INTO public.permissions VALUES (20, 7, NULL, true, NULL, NULL, '2024-04-30 00:00:00', NULL, 1, NULL);
INSERT INTO public.permissions VALUES (21, 27, NULL, true, NULL, NULL, '2024-04-30 00:00:00', NULL, 1, NULL);
INSERT INTO public.permissions VALUES (22, 28, NULL, true, NULL, NULL, '2024-04-30 00:00:00', NULL, 1, NULL);
INSERT INTO public.permissions VALUES (23, 1, NULL, true, NULL, NULL, '2024-04-30 00:00:00', NULL, 1, NULL);
INSERT INTO public.permissions VALUES (24, 2, NULL, true, NULL, NULL, '2024-04-30 00:00:00', NULL, 1, NULL);
INSERT INTO public.permissions VALUES (25, 3, NULL, true, NULL, NULL, '2024-04-30 00:00:00', NULL, 1, NULL);
INSERT INTO public.permissions VALUES (26, 8, NULL, true, NULL, NULL, '2024-05-02 00:00:00', NULL, 44, NULL);
INSERT INTO public.permissions VALUES (27, 29, NULL, true, NULL, NULL, '2024-05-02 00:00:00', NULL, 44, NULL);
INSERT INTO public.permissions VALUES (28, 30, NULL, true, NULL, NULL, '2024-05-02 00:00:00', NULL, 44, NULL);
INSERT INTO public.permissions VALUES (29, 31, NULL, true, NULL, NULL, '2024-05-02 00:00:00', NULL, 44, NULL);
INSERT INTO public.permissions VALUES (30, 32, NULL, true, NULL, NULL, '2024-05-02 00:00:00', NULL, 44, NULL);
INSERT INTO public.permissions VALUES (31, 7, NULL, NULL, NULL, NULL, '2024-05-02 00:00:00', NULL, 44, NULL);
INSERT INTO public.permissions VALUES (32, 27, NULL, NULL, NULL, NULL, '2024-05-02 00:00:00', NULL, 44, NULL);
INSERT INTO public.permissions VALUES (33, 28, NULL, NULL, NULL, NULL, '2024-05-02 00:00:00', NULL, 44, NULL);
INSERT INTO public.permissions VALUES (34, 1, NULL, NULL, NULL, NULL, '2024-05-02 00:00:00', NULL, 44, NULL);
INSERT INTO public.permissions VALUES (35, 2, NULL, NULL, NULL, NULL, '2024-05-02 00:00:00', NULL, 44, NULL);
INSERT INTO public.permissions VALUES (36, 3, NULL, NULL, NULL, NULL, '2024-05-02 00:00:00', NULL, 44, NULL);
INSERT INTO public.permissions VALUES (37, 8, NULL, NULL, NULL, NULL, '2024-05-02 00:00:00', NULL, 45, NULL);
INSERT INTO public.permissions VALUES (38, 29, NULL, NULL, NULL, NULL, '2024-05-02 00:00:00', NULL, 45, NULL);
INSERT INTO public.permissions VALUES (39, 30, NULL, NULL, NULL, NULL, '2024-05-02 00:00:00', NULL, 45, NULL);
INSERT INTO public.permissions VALUES (40, 31, NULL, NULL, NULL, NULL, '2024-05-02 00:00:00', NULL, 45, NULL);
INSERT INTO public.permissions VALUES (41, 32, NULL, NULL, NULL, NULL, '2024-05-02 00:00:00', NULL, 45, NULL);
INSERT INTO public.permissions VALUES (42, 7, NULL, true, NULL, NULL, '2024-05-02 00:00:00', NULL, 45, NULL);
INSERT INTO public.permissions VALUES (43, 27, NULL, true, NULL, NULL, '2024-05-02 00:00:00', NULL, 45, NULL);
INSERT INTO public.permissions VALUES (44, 28, NULL, true, NULL, NULL, '2024-05-02 00:00:00', NULL, 45, NULL);
INSERT INTO public.permissions VALUES (45, 1, NULL, NULL, NULL, NULL, '2024-05-02 00:00:00', NULL, 45, NULL);
INSERT INTO public.permissions VALUES (46, 2, NULL, NULL, NULL, NULL, '2024-05-02 00:00:00', NULL, 45, NULL);
INSERT INTO public.permissions VALUES (47, 3, NULL, NULL, NULL, NULL, '2024-05-02 00:00:00', NULL, 45, NULL);
INSERT INTO public.permissions VALUES (48, 7, NULL, NULL, NULL, NULL, '2024-05-06 00:00:00', NULL, 13, NULL);
INSERT INTO public.permissions VALUES (49, 27, NULL, NULL, NULL, NULL, '2024-05-06 00:00:00', NULL, 13, NULL);
INSERT INTO public.permissions VALUES (50, 28, NULL, NULL, NULL, NULL, '2024-05-06 00:00:00', NULL, 13, NULL);
INSERT INTO public.permissions VALUES (51, 33, NULL, true, NULL, NULL, '2024-05-06 00:00:00', NULL, 13, NULL);
INSERT INTO public.permissions VALUES (52, 29, NULL, NULL, NULL, NULL, '2024-05-06 00:00:00', NULL, 13, NULL);
INSERT INTO public.permissions VALUES (53, 30, NULL, NULL, NULL, NULL, '2024-05-06 00:00:00', NULL, 13, NULL);
INSERT INTO public.permissions VALUES (54, 31, NULL, NULL, NULL, NULL, '2024-05-06 00:00:00', NULL, 13, NULL);
INSERT INTO public.permissions VALUES (55, 32, NULL, NULL, NULL, NULL, '2024-05-06 00:00:00', NULL, 13, NULL);
INSERT INTO public.permissions VALUES (56, 8, NULL, NULL, NULL, NULL, '2024-05-06 00:00:00', NULL, 13, NULL);
INSERT INTO public.permissions VALUES (57, 1, NULL, NULL, NULL, NULL, '2024-05-06 00:00:00', NULL, 13, NULL);
INSERT INTO public.permissions VALUES (58, 2, NULL, NULL, NULL, NULL, '2024-05-06 00:00:00', NULL, 13, NULL);
INSERT INTO public.permissions VALUES (59, 3, NULL, NULL, NULL, NULL, '2024-05-06 00:00:00', NULL, 13, NULL);
INSERT INTO public.permissions VALUES (60, 34, NULL, true, NULL, NULL, '2024-05-06 00:00:00', NULL, 13, NULL);
INSERT INTO public.permissions VALUES (61, 35, NULL, true, NULL, NULL, '2024-05-06 00:00:00', NULL, 13, NULL);


--
-- TOC entry 4132 (class 0 OID 508133)
-- Dependencies: 231
-- Data for Name: pustaka_audio; Type: TABLE DATA; Schema: public; Owner: postgres
--

INSERT INTO public.pustaka_audio VALUES ('d3dccd2d-2235-4cae-b206-3aedeb43e7e8', '71d0ecf1-d67f-444d-85dd-c0e9170b554a', 'Testing - Audio Sample', '663b1cbcd7e21 - AudioBook.png', 'testing aj', '2023-05-04 00:00:00', 2023, '2024-05-08 13:33:32', '2024-05-08 13:33:32');


--
-- TOC entry 4133 (class 0 OID 508138)
-- Dependencies: 232
-- Data for Name: pustaka_audio_file; Type: TABLE DATA; Schema: public; Owner: postgres
--

INSERT INTO public.pustaka_audio_file VALUES ('6a2968b7-3aed-4e35-920a-bf9f412ea734', 'd3dccd2d-2235-4cae-b206-3aedeb43e7e8', '663b1cb9c3cbb - file_example_MP3_700KB.mp3', '2024-05-08 13:33:30', '2024-05-08 13:33:33', NULL);


--
-- TOC entry 4128 (class 0 OID 507654)
-- Dependencies: 227
-- Data for Name: pustaka_buku; Type: TABLE DATA; Schema: public; Owner: postgres
--

INSERT INTO public.pustaka_buku VALUES ('b7623a51-f22e-4bc3-953c-3a3a71244ab1', '71d0ecf1-d67f-444d-85dd-c0e9170b554a', 'Adimitra Nursalim', 'The Remarkable Story of Soekarno', 'Roemah Soekarno', 3097, 'E-Book', 'Indonesia', '66308ecb409d0 - soekarno_Wbmilhx.png', 'Lahir dengan nama Koesno Sosrodihardjo, putra dari Raden Soekemi Sosrodihardjo dan Ida Ayu Nyoman Rai menjalani masa kecilnya sebagai anak yang sakit-sakitan. Oleh karena itu, keduanya memutuskan untuk mengubah nama sang anak dari “Koesno Sosrodiharjo” menjadi “Soekarno”. Namun siapa yang mengira bahwa nama Karno yang diberikan oleh keduanya justru menjadi nama tokoh kunci dalam kemerdekaan Indonesia beberapa tahun kemudian. Soekarno tumbuh menjadi pemuda yang kuat dan karismatik, bahkan dalam kancah menuju dan pasca kemerdekaan, Soekarno terbukti telah lihai dalam memainkan hal-hal penting dalam peran-peran sentral yang ia emban.', '2024-04-30 13:25:15', '2024-04-30 13:25:15', '2020-01-09 00:00:00');
INSERT INTO public.pustaka_buku VALUES ('b7623a51-f22e-4bc3-943c-3a3a71244ab2', '71d0ecf1-d67f-444d-85dd-c0e9170b554a', 'Adimitra Nursalim', 'The Remarkable Story of Soekarno', 'Roemah Soekarno', 3097, 'E-Book', 'Indonesia', '66308ecb409d0 - soekarno_Wbmilhx.png', 'Lahir dengan nama Koesno Sosrodihardjo, putra dari Raden Soekemi Sosrodihardjo dan Ida Ayu Nyoman Rai menjalani masa kecilnya sebagai anak yang sakit-sakitan. Oleh karena itu, keduanya memutuskan untuk mengubah nama sang anak dari “Koesno Sosrodiharjo” menjadi “Soekarno”. Namun siapa yang mengira bahwa nama Karno yang diberikan oleh keduanya justru menjadi nama tokoh kunci dalam kemerdekaan Indonesia beberapa tahun kemudian. Soekarno tumbuh menjadi pemuda yang kuat dan karismatik, bahkan dalam kancah menuju dan pasca kemerdekaan, Soekarno terbukti telah lihai dalam memainkan hal-hal penting dalam peran-peran sentral yang ia emban.', '2024-04-30 13:25:15', '2024-04-30 13:25:15', '2020-01-09 00:00:00');
INSERT INTO public.pustaka_buku VALUES ('b7623a51-f22e-46c3-943c-3a3a71244ab1', '71d0ecf1-d67f-444d-85dd-c0e9170b554a', 'Adimitra Nursalim', 'The Remarkable Story of Soekarno', 'Roemah Soekarno', 3097, 'E-Book', 'Indonesia', '66308ecb409d0 - soekarno_Wbmilhx.png', 'Lahir dengan nama Koesno Sosrodihardjo, putra dari Raden Soekemi Sosrodihardjo dan Ida Ayu Nyoman Rai menjalani masa kecilnya sebagai anak yang sakit-sakitan. Oleh karena itu, keduanya memutuskan untuk mengubah nama sang anak dari “Koesno Sosrodiharjo” menjadi “Soekarno”. Namun siapa yang mengira bahwa nama Karno yang diberikan oleh keduanya justru menjadi nama tokoh kunci dalam kemerdekaan Indonesia beberapa tahun kemudian. Soekarno tumbuh menjadi pemuda yang kuat dan karismatik, bahkan dalam kancah menuju dan pasca kemerdekaan, Soekarno terbukti telah lihai dalam memainkan hal-hal penting dalam peran-peran sentral yang ia emban.', '2024-04-30 13:25:15', '2024-04-30 13:25:15', '2020-01-09 00:00:00');
INSERT INTO public.pustaka_buku VALUES ('7565a0b9-fb0e-40e4-b90a-a1b709388c4d', '71d0ecf1-d67f-444d-85dd-c0e9170b554a', 'Adimitra Nursalim', 'kegiatan pelatihan', 'Roemah Soekarno', 3097, 'E-Book', 'Indonesia', '66308ecb409d0 - soekarno_Wbmilhx.png', 'Lahir dengan nama Koesno Sosrodihardjo, putra dari Raden Soekemi Sosrodihardjo dan Ida Ayu Nyoman Rai menjalani masa kecilnya sebagai anak yang sakit-sakitan. Oleh karena itu, keduanya memutuskan untuk mengubah nama sang anak dari “Koesno Sosrodiharjo” menjadi “Soekarno”. Namun siapa yang mengira bahwa nama Karno yang diberikan oleh keduanya justru menjadi nama tokoh kunci dalam kemerdekaan Indonesia beberapa tahun kemudian. Soekarno tumbuh menjadi pemuda yang kuat dan karismatik, bahkan dalam kancah menuju dan pasca kemerdekaan, Soekarno terbukti telah lihai dalam memainkan hal-hal penting dalam peran-peran sentral yang ia emban.', '2024-04-30 13:25:15', '2024-04-30 13:25:15', '2025-01-09 00:00:00');
INSERT INTO public.pustaka_buku VALUES ('bdc5b5f7-8fff-4ec0-98e8-9663076ff232', '71d0ecf1-d67f-444d-85dd-c0e9170b554a', 'Adimitra Nursalim', 'kegiatan pelatihan', 'Roemah Soekarno', 3097, 'E-Book', 'Indonesia', '66308ecb409d0 - soekarno_Wbmilhx.png', 'Lahir dengan nama Koesno Sosrodihardjo, putra dari Raden Soekemi Sosrodihardjo dan Ida Ayu Nyoman Rai menjalani masa kecilnya sebagai anak yang sakit-sakitan. Oleh karena itu, keduanya memutuskan untuk mengubah nama sang anak dari “Koesno Sosrodiharjo” menjadi “Soekarno”. Namun siapa yang mengira bahwa nama Karno yang diberikan oleh keduanya justru menjadi nama tokoh kunci dalam kemerdekaan Indonesia beberapa tahun kemudian. Soekarno tumbuh menjadi pemuda yang kuat dan karismatik, bahkan dalam kancah menuju dan pasca kemerdekaan, Soekarno terbukti telah lihai dalam memainkan hal-hal penting dalam peran-peran sentral yang ia emban.', '2024-04-30 13:25:15', '2024-04-30 13:25:15', '2023-01-09 00:00:00');


--
-- TOC entry 4129 (class 0 OID 507659)
-- Dependencies: 228
-- Data for Name: pustaka_buku_file; Type: TABLE DATA; Schema: public; Owner: postgres
--

INSERT INTO public.pustaka_buku_file VALUES ('245d3e3c-9a7b-4e60-9765-11c9a4ad314b', 'b7623a51-f22e-4bc3-943c-3a3a71244ab2', '66308ec1ebaa2 - sample.pdf', '2024-04-30 13:25:06', '2024-04-30 13:25:15', NULL);
INSERT INTO public.pustaka_buku_file VALUES ('245d3e3c-9a7b-4e50-9665-11c9a4ad314b', 'b7623a51-f22e-4bc3-953c-3a3a71244ab1', '66308ec1ebaa2 - sample.pdf', '2024-04-30 13:25:06', '2024-04-30 13:25:15', NULL);
INSERT INTO public.pustaka_buku_file VALUES ('245d3e3c-9a7b-4e60-9665-11c9a4ad314b', 'b7623a51-f22e-46c3-943c-3a3a71244ab1', '66308ec1ebaa2 - sample.pdf', '2024-04-30 13:25:06', '2024-04-30 13:25:15', NULL);
INSERT INTO public.pustaka_buku_file VALUES ('245d3e3c-9a7b-4a60-9665-11c9a4ad314b', 'bdc5b5f7-8fff-4ec0-98e8-9663076ff232', '66308ec1ebaa2 - sample.pdf', '2024-04-30 13:25:06', '2024-04-30 13:25:15', NULL);
INSERT INTO public.pustaka_buku_file VALUES ('245d3e3c-9a7b-4e60-9665-11c9a4ad314b', '7565a0b9-fb0e-40e4-b90a-a1b709388c4d', '66308ec1ebaa2 - sample.pdf', '2024-04-30 13:25:06', '2024-04-30 13:25:15', NULL);


--
-- TOC entry 4130 (class 0 OID 507794)
-- Dependencies: 229
-- Data for Name: pustaka_video; Type: TABLE DATA; Schema: public; Owner: postgres
--

INSERT INTO public.pustaka_video VALUES ('32035232-40ce-4d0d-8b46-31f36837f124', 'testing video player', '71d0ecf1-d67f-444d-85dd-c0e9170b554a', '6639c626c157b - image 7.png', 'Nama dan kisah hidup Tan Malaka sangat melegenda. Tan Malaka ditetapkan sebagai Pahlawan Nasional oleh Presiden Soekarno melalui Keputusan Presiden RI Nomor 53 yang ditandatangani oleh Soekarno pada 28 Maret 1963.  

Tan Malaka yang lahir pada 2 Juni 1897 merupakan lulusan Kweekschool (Sekolah Guru) di Bukittinggi, Sumatera Barat. Karena kecerdasannya, Tan Malaka bersekolah di Belanda. Namun, untuk bisa bersekolah di Negeri Kincir Angin tersebut Tan Malaka harus meminjam dana dari orang-orang di kampungnya dan mendapat bantuan dari mantan gurunya juga.', '2022-03-03 00:00:00', 2022, '2024-05-07 13:11:50', '2024-05-07 13:11:50');


--
-- TOC entry 4131 (class 0 OID 508113)
-- Dependencies: 230
-- Data for Name: pustaka_video_file; Type: TABLE DATA; Schema: public; Owner: postgres
--

INSERT INTO public.pustaka_video_file VALUES ('361d567e-d44c-4ab0-8c2f-c7b7ec24ff27', '39bd241d-45ea-48a6-b8c6-f500c17b6bbf', '663090655a25c - SampleVideo_1280x720_1mb.mp4', '2024-04-30 13:32:05', '2024-04-30 13:32:07', NULL, '1');
INSERT INTO public.pustaka_video_file VALUES ('361d567e-d44c-4ab0-8c2f-c7b7ec24ff37', 'e9edb9d7-12f0-41b9-af3f-32c2112fd4f6', '663090655a25c - SampleVideo_1280x720_1mb.mp4', '2024-04-30 13:32:05', '2024-04-30 13:32:07', NULL, '1');
INSERT INTO public.pustaka_video_file VALUES ('361d567e-d44c-4ab0-8c2f-c7b7ec24ff47', 'eaf94b5f-2087-471c-901d-3bde0aa4265a', '663090655a25c - SampleVideo_1280x720_1mb.mp4', '2024-04-30 13:32:05', '2024-04-30 13:32:07', NULL, '1');
INSERT INTO public.pustaka_video_file VALUES ('361d567e-d44c-4ab0-8c2f-c7b7ec24ff57', '75082cfb-3257-47dc-a275-e0f0e2f38c4f', '663090655a25c - SampleVideo_1280x720_1mb.mp4', '2024-04-30 13:32:05', '2024-04-30 13:32:07', NULL, '1');
INSERT INTO public.pustaka_video_file VALUES ('361d567e-d44c-4ab0-8c2f-c7b7ec24ff67', 'd9515c59-9591-4243-b8aa-d2cf0612b4d7', '663090655a25c - SampleVideo_1280x720_1mb.mp4', '2024-04-30 13:32:05', '2024-04-30 13:32:07', NULL, '1');
INSERT INTO public.pustaka_video_file VALUES ('66cf3202-8c41-4863-9ad4-72b1540a5150', '32035232-40ce-4d0d-8b46-31f36837f124', '6639b41a9a7cb - Assassin''s Creed Syndicate 2023-12-25 23-38-37.mp4', '2024-05-07 11:54:53', '2024-05-07 13:11:51', NULL, '1');
INSERT INTO public.pustaka_video_file VALUES ('5e33f26e-2a19-4778-82ea-0d8e3dcec8a3', '32035232-40ce-4d0d-8b46-31f36837f124', '6639b441e9c14 - WhatsApp Video 2024-01-29 at 13.49.56.mp4', '2024-05-07 11:55:30', '2024-05-07 13:11:51', NULL, '2');
INSERT INTO public.pustaka_video_file VALUES ('0389bf6a-4779-42fc-9b73-b101b87dbb19', '32035232-40ce-4d0d-8b46-31f36837f124', '6639b443779c9 - MK11.mp4', '2024-05-07 11:55:31', '2024-05-07 13:11:51', NULL, '3');


--
-- TOC entry 4123 (class 0 OID 507391)
-- Dependencies: 222
-- Data for Name: subject; Type: TABLE DATA; Schema: public; Owner: postgres
--

INSERT INTO public.subject VALUES ('94ee8b22-a698-47c1-a892-1ed0061fe977', 'BUJUK BIN', 1, '2024-05-03 14:49:39', '2024-04-03 03:12:09');
INSERT INTO public.subject VALUES ('9b67243b-b7fb-4268-b11f-ce1b225e4832', 'BUJUK GAR', 1, '2024-05-03 14:49:55', '2024-04-03 03:12:26');
INSERT INTO public.subject VALUES ('6ab7afec-ebfc-42f0-996e-c712ca0ddf66', 'BUJUK INDUK', 1, '2024-05-03 14:50:08', '2024-04-03 03:12:35');
INSERT INTO public.subject VALUES ('71d0ecf1-d67f-444d-85dd-c0e9170b554a', 'BUJUK LAT', 1, '2024-05-03 14:50:22', '2024-04-03 03:12:18');
INSERT INTO public.subject VALUES ('2761d5d7-e5c1-4503-964c-019784e38cc0', 'BUJUK MIN', 1, '2024-05-03 15:06:58', '2024-04-03 03:11:48');
INSERT INTO public.subject VALUES ('3d680c23-1517-4c7a-9bbc-10f7654996ca', 'BUJUK NIS', 1, '2024-05-03 15:09:08', '2024-05-03 15:08:14');
INSERT INTO public.subject VALUES ('d54f509e-d879-4eb4-8fdb-6501f4cc25a7', 'COBA', 2, '2024-05-03 15:09:27', '2024-05-03 15:09:17');
INSERT INTO public.subject VALUES ('b27d5939-f2df-40cf-9df7-30639178316f', 'TUGAS AKHIR', 1, '2024-05-03 15:15:19', '2024-05-03 15:15:19');


--
-- TOC entry 4124 (class 0 OID 507396)
-- Dependencies: 223
-- Data for Name: users; Type: TABLE DATA; Schema: public; Owner: postgres
--

INSERT INTO public.users VALUES (1, 'super_admin', 'super_admin', NULL, '$2y$10$0ck0FZe7Cr8c3eTvuPgpnOg3oOJKEzK8TCl5WY4OOdlUToz7iwnaG', NULL, NULL, NULL, NULL, NULL, NULL, NULL, NULL, NULL, NULL, NULL);


--
-- TOC entry 4146 (class 0 OID 0)
-- Dependencies: 217
-- Name: menu_id_seq; Type: SEQUENCE SET; Schema: public; Owner: postgres
--

SELECT pg_catalog.setval('public.menu_id_seq', 35, true);


--
-- TOC entry 4147 (class 0 OID 0)
-- Dependencies: 219
-- Name: migrations_id_seq; Type: SEQUENCE SET; Schema: public; Owner: postgres
--

SELECT pg_catalog.setval('public.migrations_id_seq', 1, false);


--
-- TOC entry 4148 (class 0 OID 0)
-- Dependencies: 221
-- Name: permissions_id_seq; Type: SEQUENCE SET; Schema: public; Owner: postgres
--

SELECT pg_catalog.setval('public.permissions_id_seq', 61, true);


--
-- TOC entry 4149 (class 0 OID 0)
-- Dependencies: 224
-- Name: users_id_seq; Type: SEQUENCE SET; Schema: public; Owner: postgres
--

SELECT pg_catalog.setval('public.users_id_seq', 1, true);


--
-- TOC entry 3969 (class 2606 OID 507407)
-- Name: migrations migrations_pkey_1; Type: CONSTRAINT; Schema: public; Owner: postgres
--

ALTER TABLE ONLY public.migrations
    ADD CONSTRAINT migrations_pkey_1 PRIMARY KEY (id);


--
-- TOC entry 3972 (class 2606 OID 507409)
-- Name: users users_pkey; Type: CONSTRAINT; Schema: public; Owner: postgres
--

ALTER TABLE ONLY public.users
    ADD CONSTRAINT users_pkey PRIMARY KEY (id);


--
-- TOC entry 3970 (class 1259 OID 507410)
-- Name: users_group_user_id_idx; Type: INDEX; Schema: public; Owner: postgres
--

CREATE INDEX users_group_user_id_idx ON public.users USING btree (group_user_id);


--
-- TOC entry 4140 (class 0 OID 0)
-- Dependencies: 5
-- Name: SCHEMA public; Type: ACL; Schema: -; Owner: pg_database_owner
--

REVOKE USAGE ON SCHEMA public FROM PUBLIC;
GRANT ALL ON SCHEMA public TO postgres;


-- Completed on 2024-05-13 16:46:42

--
-- PostgreSQL database dump complete
--

